entity,Centrality_Pivot,Hub_Score,Authority_Score,Sentiment_Agency,Label
eu,0.30621598111269577,0.08525385999662217,0.14943909548913129,0.3455749571323395,WEST_ACTORS
russia,0.6245551600811551,0.16944087198388816,0.22240848997726012,0.05236524614420804,RU_POLITICAL
ukraine,0.6290875297854259,0.08972155242563863,0.36080181959895413,0.14758063446391712,UKR_POLITICAL
kiev,0.09068542976693712,0.052669800042337345,0.02001047582914451,-0.5145619908968607,UKR_POLITICAL
putin,0.04457629392278016,0.21114181607976248,0.05563997766777312,-0.17270256714387375,RU_POLITICAL
zelensky,0.15349906998174478,0.23556876942077679,0.10384872511641674,-0.0446196058217217,UKR_POLITICAL
usa,0.2943444362621758,0.15620333005097442,0.0878514163213201,-0.2809701103430528,WEST_ACTORS
