entity,Centrality_Pivot,Hub_Score,Authority_Score,Sentiment_Agency,Label
eu,1.7716412418275445e-05,1.5515838457795454e-17,0.6666666666666666,0.34928232431411743,WEST_ACTORS
usa,0.004863158813919457,0.12499999999999999,4.137556922078788e-17,0.0,WEST_ACTORS
putin,4.292284896637082e-08,0.24999999999999997,1.655022768831515e-16,-0.23285488287607828,RU_POLITICAL
ukraine,2.6029623387732513e-11,0.6249999999999999,-0.0,0.06582119067509969,UKR_POLITICAL
russia,0.9999881746163188,-0.0,0.3333333333333333,-0.44801411032676697,RU_POLITICAL
zelensky,2.6029623387732513e-11,1.2412670766236363e-16,-0.0,0.0,UKR_POLITICAL
