entity,Centrality_Pivot,Hub_Score,Authority_Score,Sentiment_Agency,Label
eu,0.4518126724107847,0.1767243817086246,0.3940388273882901,-0.012436861341649836,WEST_ACTORS
kiev,0.3873496412252957,-0.0,0.1496527406435809,0.13208645582199097,UKR_POLITICAL
russia,0.696019213614599,6.285473764403797e-19,0.4563084319681289,0.2621384263038635,RU_POLITICAL
usa,0.33798372557413026,0.32727983361201035,-0.0,-0.09481099992990494,WEST_ACTORS
nato,6.250127007108214e-10,0.12399894616984125,-0.0,-0.3974582254886627,WEST_ACTORS
ukraine,0.21714009306898177,0.31453749021559535,4.310387752809306e-18,-0.243253360191981,UKR_POLITICAL
zelensky,6.250127007108214e-10,0.05745934829392842,-0.0,0.0,UKR_POLITICAL
