entity,Centrality_Pivot,Hub_Score,Authority_Score,Sentiment_Agency,Label
eu,0.5480968959428048,0.1446634459279197,0.28497876579036646,0.1791322858710038,WEST_ACTORS
russia,0.49966140258222175,0.3451259621827099,0.1967200295880614,-0.23648101730006083,RU_POLITICAL
ukraine,0.6182729594385137,0.2898740261374028,0.2875304010425633,0.01348394336122455,UKR_POLITICAL
nato,0.14336591542747382,0.04286253955369475,0.07692360119300291,0.026479828357696533,WEST_ACTORS
putin,1.1676397986874098e-20,0.025450226593556235,-0.0,0.0,RU_POLITICAL
civilians,0.08856871688823138,-0.0,0.054173306732006016,0.874922513961792,CIVILIANS
usa,0.19816311396671626,0.15202379960471665,0.09967389565399984,0.08907407522201538,WEST_ACTORS
