entity,Centrality_Pivot,Hub_Score,Authority_Score,Sentiment_Agency,Label
hamas,0.17291319746055442,0.09907534364442803,0.06311817629523668,-0.17404221296310424,PAL_ORG
gaza,0.28952482229458093,-0.0,0.07812144694905097,0.0,PAL_RESISTANCE
pa,0.4849895663941943,0.06651996233492331,0.2555421520874833,0.09029190106825395,PAL_POLITICAL
idf,1.593167491517633e-22,0.013136173887834406,-0.0,0.0,ISR_MILITARY
israel,0.47161620605199805,0.6808001724513424,0.026149710716771652,0.006046101450920105,ISR_POLITICAL
un,0.5039288900358493,0.07111621405319296,0.29132620218743394,0.09053909778594971,INTL_ACTORS
usa,0.4179657305143405,0.017588365833321386,0.28574231176402337,-0.057117852899763316,INTL_ACTORS
netanyahu,1.593167491517633e-22,0.051763767794957505,-0.0,-0.2198121945063273,ISR_POLITICAL
