entity,Centrality_Pivot,Hub_Score,Authority_Score,Sentiment_Agency,Label
gaza,1.1861712549685732e-08,0.052545378630956326,-0.0,-0.7704351544380188,PAL_RESISTANCE
israel,0.39726609511272293,0.5457458087421517,0.05768324834358139,-0.03317369082394768,ISR_POLITICAL
un,0.5895342426086234,0.07944003184950212,0.2848864606106568,0.25845711964827317,INTL_ACTORS
hamas,0.3937701518815168,0.0873951581143426,0.24866263175626266,-0.0893896222114563,PAL_ORG
idf,1.1861712549685732e-08,0.0436975790571713,-0.0,0.0,ISR_MILITARY
pa,0.5673578695068321,0.0906867314577712,0.3914687392635266,0.0011386672655741374,PAL_POLITICAL
netanyahu,0.12985040451566074,0.044652360173719936,0.011074222483906004,-0.1820175051689148,ISR_POLITICAL
usa,0.028600949438089694,0.05583695197438494,0.006224697542066476,-0.02339690923690796,INTL_ACTORS
